category_test,category_fixture,category_stage,FAI10,FAI12,FAI13,FAI14
A,V1,channel1,18.0422,29.4769,15.0665,14.0865
A,V1,channel2,18.0511,29.4432,15.0613,14.0684
A,V1,channel3,18.0246,29.4804,15.0412,14.0538
A,V1,channel1,18.0296,29.4682,15.0251,14.0366
A,V1,channel2,18.0276,29.4663,15.0371,14.0385
A,V1,channel3,18.0534,29.3919,14.9994,14.0058
A,V1,channel1,18.0405,29.438,15.0127,14.0236
A,V1,channel2,18.0294,29.4716,15.0391,14.0516
A,V1,channel3,18.0336,29.4665,15.0435,14.0445
A,V1,channel1,18.0456,29.4555,15.0583,14.0673
A,V1,channel2,18.0097,29.5238,15.0681,14.0814
A,V1,channel3,18.0291,29.4615,15.0318,14.0381
A,V1,channel1,18.0314,29.4593,15.0342,14.0396
A,V1,channel2,18.048,29.4129,15.0075,14.004
A,V1,channel3,18.0337,29.4485,15.0179,14.022
A,V1,channel1,18.0154,29.509,15.0568,14.0695
A,V1,channel2,18.0316,29.4668,15.0421,14.052
A,V1,channel3,18.0374,29.4483,15.0476,14.0686
A,V1,channel1,18.0288,29.4631,15.0258,14.043
A,V1,channel2,18.033,29.4579,15.0337,14.0428
A,V1,channel3,18.0321,29.4584,15.0404,14.0555
A,V1,channel1,18.0317,29.4522,15.0352,14.0467
A,V1,channel2,18.0318,29.4617,15.0365,14.0668
A,V1,channel3,18.0617,29.3711,14.9874,13.9957
B,V1,channel1,18.0517,29.4128,15.0085,14.0175
B,V1,channel2,18.0399,29.4324,15.0191,14.0333
B,V1,channel3,18.0372,29.4391,15.0268,14.0319
B,V1,channel1,18.0403,29.43,15.0176,14.0306
B,V1,channel2,18.0253,29.4673,15.0347,14.0516
B,V1,channel3,18.0276,29.4665,15.0446,14.0568
B,V1,channel1,18.033,29.45,15.0221,14.0369
B,V1,channel2,18.0685,29.3534,14.9867,13.9976
B,V1,channel3,18.061,29.3744,14.9782,13.987
B,V1,channel1,18.0336,29.452,15.0329,14.042
B,V1,channel2,18.0273,29.4689,15.0312,14.0411
B,V1,channel3,18.033,29.4567,15.0229,14.0423
B,V1,channel1,18.0476,29.4166,15.0132,14.0199
B,V1,channel2,18.0179,29.4962,15.0484,14.0649
B,V1,channel3,18.0474,29.4542,15.056,14.0684
B,V1,channel1,18.0357,29.4481,15.0275,14.0396
B,V1,channel2,18.0324,29.4437,15.0203,14.0603
B,V1,channel3,18.0277,29.4665,15.041,14.0499
B,V1,channel1,18.0552,29.3963,14.9948,14.0051
B,V1,channel2,18.0603,29.3876,14.9893,13.9938
B,V1,channel3,18.0547,29.4366,15.0428,14.0497
B,V1,channel1,18.0467,29.4519,15.0541,14.0537
B,V1,channel2,18.0458,29.4148,14.9987,14.0115
B,V1,channel3,18.0459,29.4565,15.0637,14.0688
B,V1,channel1,18.0259,29.4768,15.0404,14.0539
B,V1,channel2,18.0363,29.4534,15.0235,14.042
B,V2,channel3,18.0438,29.4584,15.0623,14.0644
B,V2,channel1,18.0438,29.454,15.0614,14.0657
B,V2,channel2,18.0315,29.4576,15.0376,14.0438
B,V2,channel3,18.0338,29.4565,15.0327,14.041
B,V2,channel1,18.035,29.4552,15.0338,14.0384
B,V2,channel2,18.0363,29.4537,15.0334,14.0333
B,V2,channel3,18.0457,29.4355,15.0237,14.0187
B,V2,channel1,18.0336,29.4561,15.0386,14.0378
B,V2,channel2,18.0333,29.4533,15.0294,14.0355
B,V2,channel3,18.0456,29.4458,15.0569,14.0752
B,V2,channel1,18.0451,29.4315,15.022,14.0196
B,V2,channel2,18.039,29.4457,15.0226,14.0276
B,V2,channel3,18.0269,29.4657,15.0329,14.032
B,V2,channel1,18.0373,29.4533,15.0249,14.0303
B,V2,channel2,18.0367,29.4436,15.0189,14.0173
B,V2,channel3,18.0373,29.4444,15.0173,14.0205
B,V2,channel1,18.0325,29.467,15.0333,14.0311
B,V2,channel2,18.0366,29.4509,15.0285,14.0317
B,V2,channel3,18.0333,29.457,15.0404,14.0417
B,V2,channel1,18.0339,29.4444,15.0228,14.0228
B,V2,channel2,18.0307,29.4673,15.041,14.0425
B,V2,channel3,18.0322,29.459,15.0343,14.0438
B,V2,channel1,18.036,29.4504,15.0232,14.0328
B,V2,channel2,18.0352,29.4537,15.0365,14.0386
B,V2,channel3,18.0299,29.4632,15.0358,14.0441
B,V2,channel1,18.0281,29.4578,15.0436,14.0619
B,V2,channel2,18.0185,29.5104,14.9855,13.9912
B,V2,channel3,18.0347,29.4516,15.0279,14.033
B,V2,channel1,18.0335,29.4534,15.0283,14.0323
B,V2,channel2,18.0348,29.4527,15.033,14.0389
B,V2,channel3,18.031,29.4635,15.0284,14.04
B,V2,channel1,18.0367,29.4555,15.0276,14.0408
B,V2,channel2,18.0315,29.466,15.04,14.0374
B,V2,channel3,18.0351,29.4528,15.0232,14.0319
B,V2,channel1,18.0377,29.449,15.0288,14.0352
C,V2,channel2,18.0344,29.4538,15.0285,14.0383
C,V2,channel3,18.0301,29.4634,15.0374,14.0485
C,V2,channel1,18.0365,29.4498,15.0259,14.0356
C,V2,channel2,18.0437,29.4606,15.0681,14.0624
C,V2,channel3,18.0329,29.4532,15.0271,14.037
C,V3,channel1,18.0332,29.4577,15.0271,14.0342
C,V3,channel2,18.0319,29.471,15.04,14.0415
C,V3,channel3,18.0332,29.4573,15.0294,14.0388
C,V3,channel1,18.0343,29.4558,15.0339,14.0428
C,V3,channel2,18.0457,29.4619,15.0622,14.0635
C,V3,channel3,18.0469,29.4584,15.063,14.0598
C,V3,channel1,18.0465,29.4471,15.0535,14.052
C,V3,channel2,18.049,29.4551,15.0446,14.0561
C,V3,channel3,18.0358,29.4506,15.018,14.0225
C,V3,channel1,18.0329,29.4579,15.0322,14.0381
A,V1,channel1,18.076,,,
A,V1,channel2,18.072,,,
A,V1,channel3,18.0527,,,
A,V1,channel1,18.0466,,,
A,V1,channel2,18.0492,,,
A,V1,channel3,18.0349,,,
A,V1,channel1,18.0425,,,
A,V1,channel2,18.0531,,,
A,V1,channel3,18.0578,,,
A,V1,channel1,18.0708,,,
A,V1,channel2,18.0623,,,
A,V1,channel3,18.0482,,,
A,V1,channel1,18.0486,,,
A,V1,channel2,18.0408,,,
A,V1,channel3,18.0434,,,
A,V1,channel1,18.059,,,
A,V1,channel2,18.0562,,,
A,V1,channel3,18.0586,,,
A,V1,channel1,18.0494,,,
A,V1,channel2,18.0478,,,
A,V1,channel3,18.0517,,,
A,V1,channel1,18.0496,,,
A,V1,channel2,18.0532,,,
A,V1,channel3,18.0309,,,
B,V1,channel1,18.045,,,
B,V1,channel2,18.0443,,,
B,V1,channel3,18.0431,,,
B,V1,channel1,18.0435,,,
B,V1,channel2,18.0518,,,
B,V1,channel3,18.0552,,,
B,V1,channel1,18.0454,,,
B,V1,channel2,18.0325,,,
B,V1,channel3,18.0281,,,
B,V1,channel1,18.0477,,,
B,V1,channel2,18.0481,,,
B,V1,channel3,18.0482,,,
B,V1,channel1,18.0445,,,
B,V1,channel2,18.0559,,,
B,V1,channel3,18.0726,,,
B,V1,channel1,18.0473,,,
B,V1,channel2,18.04,,,
B,V1,channel3,18.0546,,,
B,V1,channel1,18.0372,,,
B,V1,channel2,18.0345,,,
B,V1,channel3,18.0641,,,
B,V1,channel1,18.0683,,,
B,V1,channel2,18.0386,,,
B,V1,channel3,18.0723,,,
B,V1,channel1,18.0523,,,
B,V1,channel2,18.0478,,,
B,V2,channel3,18.0672,,,
B,V2,channel1,18.0662,,,
B,V2,channel2,18.05,,,
B,V2,channel3,18.0512,,,
B,V2,channel1,18.0519,,,
B,V2,channel2,18.0506,,,
B,V2,channel3,18.0453,,,
B,V2,channel1,18.0503,,,
B,V2,channel2,18.0493,,,
B,V2,channel3,18.0676,,,
B,V2,channel1,18.0468,,,
B,V2,channel2,18.0482,,,
B,V2,channel3,18.0484,,,
B,V2,channel1,18.0474,,,
B,V2,channel2,18.0421,,,
B,V2,channel3,18.0448,,,
B,V2,channel1,18.054,,,
B,V2,channel2,18.0497,,,
B,V2,channel3,18.0524,,,
B,V2,channel1,18.0428,,,
B,V2,channel2,18.0573,,,
B,V2,channel3,18.0524,,,
B,V2,channel1,18.048,,,
B,V2,channel2,18.0508,,,
B,V2,channel3,18.0534,,,
B,V2,channel1,18.0536,,,
B,V2,channel2,18.04,,,
B,V2,channel3,18.0475,,,
B,V2,channel1,18.0484,,,
B,V2,channel2,18.0488,,,
B,V2,channel3,18.049,,,
B,V2,channel1,18.0497,,,
B,V2,channel2,18.0525,,,
B,V2,channel3,18.0476,,,
B,V2,channel1,18.0494,,,
C,V2,channel2,18.0495,,,
C,V2,channel3,18.051,,,
C,V2,channel1,18.0473,,,
C,V2,channel2,18.0692,,,
C,V2,channel3,18.0479,,,
C,V3,channel1,18.047,,,
C,V3,channel2,18.0583,,,
C,V3,channel3,18.0504,,,
C,V3,channel1,18.0502,,,
C,V3,channel2,18.0686,,,
C,V3,channel3,18.0687,,,
C,V3,channel1,18.0668,,,
C,V3,channel2,18.0661,,,
C,V3,channel3,18.0444,,,
C,V3,channel1,18.0485,,,
A,V1,channel1,18.0938,,,
A,V1,channel2,18.0812,,,
A,V1,channel3,18.0619,,,
A,V1,channel1,18.0544,,,
A,V1,channel2,18.0532,,,
A,V1,channel3,18.0405,,,
A,V1,channel1,18.0453,,,
A,V1,channel2,18.0633,,,
A,V1,channel3,18.0675,,,
A,V1,channel1,18.0795,,,
A,V1,channel2,18.0709,,,
A,V1,channel3,18.0513,,,
A,V1,channel1,18.0706,,,
A,V1,channel2,18.0617,,,
A,V1,channel3,18.0458,,,
A,V1,channel1,18.068,,,
A,V1,channel2,18.066,,,
A,V1,channel3,18.067,,,
A,V1,channel1,18.0575,,,
A,V1,channel2,18.0568,,,
A,V1,channel3,18.0606,,,
A,V1,channel1,18.0549,,,
A,V1,channel2,18.0622,,,
A,V1,channel3,18.041,,,
B,V1,channel1,18.0527,,,
B,V1,channel2,18.0485,,,
B,V1,channel3,18.049,,,
B,V1,channel1,18.0516,,,
B,V1,channel2,18.06,,,
B,V1,channel3,18.068,,,
B,V1,channel1,18.0534,,,
B,V1,channel2,18.0494,,,
B,V1,channel3,18.0349,,,
B,V1,channel1,18.0567,,,
B,V1,channel2,18.0538,,,
B,V1,channel3,18.0538,,,
B,V1,channel1,18.0475,,,
B,V1,channel2,18.062,,,
B,V1,channel3,18.0907,,,
B,V1,channel1,18.0512,,,
B,V1,channel2,18.075,,,
B,V1,channel3,18.0642,,,
B,V1,channel1,18.0394,,,
B,V1,channel2,18.0401,,,
B,V1,channel3,18.0843,,,
B,V1,channel1,18.076,,,
B,V1,channel2,18.0412,,,
B,V1,channel3,18.0831,,,
B,V1,channel1,18.0614,,,
B,V1,channel2,18.0541,,,
B,V2,channel3,18.0764,,,
B,V2,channel1,18.0829,,,
B,V2,channel2,18.0533,,,
B,V2,channel3,18.0545,,,
B,V2,channel1,18.0557,,,
B,V2,channel2,18.0527,,,
B,V2,channel3,18.049,,,
B,V2,channel1,18.0542,,,
B,V2,channel2,18.0492,,,
B,V2,channel3,18.0849,,,
B,V2,channel1,18.0489,,,
B,V2,channel2,18.0511,,,
B,V2,channel3,18.0489,,,
B,V2,channel1,18.0543,,,
B,V2,channel2,18.0424,,,
B,V2,channel3,18.0462,,,
B,V2,channel1,18.0696,,,
B,V2,channel2,18.0552,,,
B,V2,channel3,18.0623,,,
B,V2,channel1,18.0434,,,
B,V2,channel2,18.0691,,,
B,V2,channel3,18.0609,,,
B,V2,channel1,18.0496,,,
B,V2,channel2,18.0663,,,
B,V2,channel3,18.0649,,,
B,V2,channel1,18.087,,,
B,V2,channel2,18.0404,,,
B,V2,channel3,18.051,,,
B,V2,channel1,18.0519,,,
B,V2,channel2,18.0555,,,
B,V2,channel3,18.0519,,,
B,V2,channel1,18.0566,,,
B,V2,channel2,18.0567,,,
B,V2,channel3,18.05,,,
B,V2,channel1,18.0505,,,
C,V2,channel2,18.0546,,,
C,V2,channel3,18.0647,,,
C,V2,channel1,18.0545,,,
C,V2,channel2,18.0781,,,
C,V2,channel3,18.0512,,,
C,V3,channel1,18.0533,,,
C,V3,channel2,18.0696,,,
C,V3,channel3,18.0531,,,
C,V3,channel1,18.0637,,,
C,V3,channel2,18.0796,,,
C,V3,channel3,18.0771,,,
C,V3,channel1,18.0898,,,
C,V3,channel2,18.088,,,
C,V3,channel3,18.0454,,,
C,V3,channel1,18.0506,,,
C,V3,channel3,,29.4506,,
C,V3,channel1,,29.4579,,
C,V3,channel3,,29.4652,,
C,V3,channel1,,29.4725,,
C,V3,channel3,,29.4798,,
C,V3,channel1,,29.4871,,
C,V3,channel3,,29.4944,,
C,V3,channel1,,29.5017,,
C,V3,channel3,,29.509,,
C,V3,channel1,,29.5163,,
C,V3,channel3,,29.5236,,
C,V3,channel1,,29.5309,,
C,V3,channel3,,29.5382,,
C,V3,channel1,,29.5455,,
C,V3,channel3,,29.5528,,
C,V3,channel1,,29.5601,,
C,V3,channel3,,29.5674,,
C,V3,channel1,,29.5747,,
C,V3,channel3,,29.4506,,
C,V3,channel1,,29.4579,,
C,V3,channel3,,29.4652,,
C,V3,channel1,,29.4725,,
C,V3,channel3,,29.4798,,
C,V3,channel1,,29.4871,,
C,V3,channel3,,29.4944,,
C,V3,channel1,,29.5017,,
C,V3,channel3,,29.509,,
C,V3,channel1,,29.5163,,
C,V3,channel3,,29.5236,,
C,V3,channel1,,29.5309,,
C,V3,channel3,,29.5382,,
C,V3,channel1,,29.5455,,
C,V3,channel3,,29.5528,,
C,V3,channel1,,29.5601,,
C,V3,channel3,,29.5674,,
C,V3,channel1,,29.5747,,
C,V3,channel3,,29.4506,,
C,V3,channel1,,29.4579,,
C,V3,channel3,,29.4652,,
C,V3,channel1,,29.4725,,
C,V3,channel3,,29.4798,,
C,V3,channel1,,29.4871,,
C,V3,channel3,,29.4944,,
C,V3,channel1,,29.5017,,
C,V3,channel3,,29.509,,
C,V3,channel1,,29.5163,,
C,V3,channel3,,29.5236,,
C,V3,channel1,,29.5309,,
C,V3,channel3,,29.5382,,
C,V3,channel1,,29.5455,,
C,V3,channel3,,29.5528,,
C,V3,channel1,,29.5601,,
C,V3,channel3,,29.5674,,
C,V3,channel1,,29.5747,,
C,V3,channel3,,29.4506,,
C,V3,channel1,,29.4579,,
C,V3,channel3,,29.4652,,
C,V3,channel1,,29.4725,,
C,V3,channel3,,29.4798,,
C,V3,channel1,,29.4871,,
C,V3,channel3,,29.4944,,
C,V3,channel1,,29.5017,,
C,V3,channel3,,29.509,,
C,V3,channel1,,29.5163,,
C,V3,channel3,,29.5236,,
C,V3,channel1,,29.5309,,
C,V3,channel3,,29.5382,,
C,V3,channel1,,29.5455,,
C,V3,channel3,,29.5528,,
C,V3,channel1,,29.5601,,
C,V3,channel3,,29.5674,,
C,V3,channel1,,29.5747,,
C,V3,channel3,,29.582,,
C,V3,channel1,,29.5892999999999,,
C,V3,channel3,,29.5965999999999,,
C,V3,channel1,,29.6038999999999,,
C,V3,channel3,,29.6111999999999,,
C,V3,channel1,,29.6184999999999,,
C,V3,channel3,,29.6257999999999,,
C,V3,channel1,,29.6330999999999,,
C,V3,channel3,,29.6403999999999,,
C,V3,channel1,,29.6476999999999,,
C,V3,channel3,,29.6549999999999,,
C,V3,channel1,,29.6622999999999,,
C,V3,channel3,,29.6695999999999,,
C,V3,channel1,,29.6768999999999,,
C,V3,channel3,,29.6841999999999,,
C,V3,channel1,,29.6914999999999,,
C,V3,channel3,,29.6987999999999,,
C,V3,channel1,,29.7060999999999,,
C,V3,channel3,,29.7133999999999,,
C,V3,channel1,,29.7206999999999,,
C,V3,channel3,,29.7279999999999,,
C,V3,channel1,,29.7352999999999,,
C,V3,channel3,,29.7425999999999,,
C,V3,channel1,,29.7498999999999,,
C,V3,channel3,,29.7571999999999,,
C,V3,channel1,,29.7644999999999,,
C,V3,channel3,,29.7717999999999,,
C,V3,channel1,,29.7790999999999,,
C,V3,channel3,,29.7863999999999,,
C,V3,channel1,,29.7936999999999,,
C,V3,channel3,,29.8009999999999,,
C,V3,channel1,,29.8082999999999,,
C,V3,channel3,,29.8155999999999,,
C,V3,channel1,,29.8228999999999,,
C,V3,channel3,,29.8301999999999,,
C,V3,channel1,,29.8374999999999,,
C,V3,channel3,,29.8447999999999,,
C,V3,channel1,,29.8520999999998,,
C,V3,channel3,,29.8593999999998,,
C,V3,channel1,,29.8666999999998,,
C,V3,channel3,,29.8739999999998,,
C,V3,channel1,,29.8812999999998,,
C,V3,channel3,,29.8885999999998,,
C,V3,channel1,,29.8958999999998,,
C,V3,channel3,,29.9031999999998,,
C,V3,channel1,,29.9104999999998,,
C,V3,channel3,,29.9177999999998,,
C,V3,channel1,,29.9250999999998,,
C,V3,channel3,,29.9323999999998,,
C,V3,channel1,,29.9396999999998,,
C,V3,channel3,,29.9469999999998,,
C,V3,channel1,,29.9542999999998,,
C,V3,channel3,,29.9615999999998,,
C,V3,channel1,,29.9688999999998,,
C,V3,channel3,,29.9761999999998,,
C,V3,channel1,,29.9834999999998,,
C,V3,channel3,,29.9907999999998,,
C,V3,channel1,,29.9980999999998,,
C,V3,channel3,,30.0053999999998,,
C,V3,channel1,,30.0126999999998,,
C,V3,channel3,,30.0199999999998,,
C,V3,channel1,,30.0272999999998,,
C,V3,channel3,,30.0345999999998,,
C,V3,channel1,,30.0418999999998,,
C,V3,channel3,,30.0491999999998,,
C,V3,channel1,,30.0564999999998,,
C,V3,channel3,,30.0637999999998,,
C,V3,channel1,,30.0710999999998,,
C,V3,channel3,,30.0783999999998,,
C,V3,channel1,,30.0856999999998,,
C,V3,channel3,,30.0929999999998,,
C,V3,channel1,,30.1002999999998,,
C,V3,channel3,,30.1075999999997,,
C,V3,channel1,,30.1148999999997,,
C,V3,channel3,,30.1221999999997,,
C,V3,channel1,,30.1294999999997,,
C,V3,channel3,,30.1367999999997,,
C,V3,channel1,,30.1440999999997,,
C,V3,channel3,,30.1513999999997,,
C,V3,channel1,,30.1586999999997,,
C,V3,channel3,,30.1659999999997,,
C,V3,channel1,,30.1732999999997,,
C,V3,channel3,,30.1805999999997,,
C,V3,channel1,,30.1878999999997,,
C,V3,channel3,,30.1951999999997,,
C,V3,channel1,,30.2024999999997,,
C,V3,channel3,,30.2097999999997,,
C,V3,channel1,,30.2170999999997,,
C,V3,channel3,,30.2243999999997,,
C,V3,channel1,,30.2316999999997,,
C,V3,channel3,,30.2389999999997,,
C,V3,channel1,,30.2462999999997,,
C,V3,channel3,,30.2535999999997,,
C,V3,channel1,,30.2608999999997,,
C,V3,channel3,,30.2681999999997,,
C,V3,channel1,,30.2754999999997,,
C,V3,channel3,,30.2827999999997,,
C,V3,channel1,,30.2900999999997,,
C,V3,channel3,,30.2973999999997,,
C,V3,channel1,,30.3046999999997,,
C,V3,channel3,,30.3119999999997,,
C,V3,channel1,,30.3192999999997,,
C,V3,channel3,,30.3265999999997,,
C,V3,channel1,,30.3338999999997,,
C,V3,channel3,,30.3411999999997,,
C,V3,channel1,,30.3484999999997,,
C,V3,channel3,,30.3557999999997,,
C,V3,channel1,,30.3630999999997,,
C,V3,channel3,,30.3703999999996,,
C,V3,channel1,,30.3776999999996,,
C,V3,channel3,,30.3849999999996,,
C,V3,channel1,,30.3922999999996,,
C,V3,channel3,,30.3995999999996,,
C,V3,channel1,,30.4068999999996,,
C,V3,channel3,,30.4141999999996,,
C,V3,channel1,,30.4214999999996,,
C,V3,channel3,,30.4287999999996,,
C,V3,channel1,,30.4360999999996,,
C,V3,channel3,,30.4433999999996,,
C,V3,channel1,,30.4506999999996,,
C,V3,channel3,,30.4579999999996,,
C,V3,channel1,,30.4652999999996,,
C,V3,channel3,,30.4725999999996,,
C,V3,channel1,,30.4798999999996,,
C,V3,channel3,,30.4871999999996,,
C,V3,channel1,,30.4944999999996,,
C,V3,channel3,,30.5017999999996,,
C,V3,channel1,,30.5090999999996,,
C,V3,channel3,,30.5163999999996,,
C,V3,channel1,,30.5236999999996,,
C,V3,channel3,,30.5309999999996,,
C,V3,channel1,,30.5382999999996,,
C,V3,channel3,,30.5455999999996,,
C,V3,channel1,,30.5528999999996,,
C,V3,channel3,,30.5601999999996,,
C,V3,channel1,,30.5674999999996,,
C,V3,channel3,,30.5747999999996,,
C,V3,channel1,,30.5820999999996,,
C,V3,channel3,,30.5893999999996,,
C,V3,channel1,,30.5966999999996,,
C,V3,channel3,,30.6039999999996,,
C,V3,channel1,,30.6112999999996,,
C,V3,channel3,,30.6185999999996,,
C,V3,channel1,,30.6258999999996,,
C,V3,channel3,,30.6331999999996,,
C,V3,channel1,,30.6404999999995,,
C,V3,channel3,,30.6477999999995,,
C,V3,channel1,,30.6550999999995,,
C,V3,channel3,,30.6623999999995,,
C,V3,channel1,,30.6696999999995,,
C,V3,channel3,,30.6769999999995,,
C,V3,channel1,,30.6842999999995,,
C,V3,channel3,,30.6915999999995,,
C,V3,channel1,,30.6988999999995,,
C,V3,channel3,,30.7061999999995,,
C,V3,channel1,,30.7134999999995,,
C,V3,channel3,,30.7207999999995,,
C,V3,channel1,,30.7280999999995,,
C,V3,channel3,,30.7353999999995,,
C,V3,channel1,,30.7426999999995,,
C,V3,channel3,,30.7499999999995,,
C,V3,channel1,,30.7572999999995,,
C,V3,channel3,,30.7645999999995,,
C,V3,channel1,,30.7718999999995,,
C,V3,channel3,,30.7791999999995,,
C,V3,channel1,,30.7864999999995,,
C,V3,channel3,,30.7937999999995,,
C,V3,channel1,,30.8010999999995,,
C,V3,channel3,,30.8083999999995,,
C,V3,channel1,,30.8156999999995,,
C,V3,channel3,,30.8229999999995,,
C,V3,channel1,,30.8302999999995,,
C,V3,channel3,,30.8375999999995,,
C,V3,channel1,,30.8448999999995,,
C,V3,channel3,,30.8521999999995,,
C,V3,channel1,,30.8594999999995,,
C,V3,channel3,,30.8667999999995,,
C,V3,channel1,,30.8740999999995,,
C,V3,channel3,,30.8813999999995,,
C,V3,channel1,,30.8886999999995,,
C,V3,channel3,,30.8959999999995,,
C,V3,channel1,,30.9032999999994,,
C,V3,channel3,,30.9105999999994,,
C,V3,channel1,,30.9178999999994,,
C,V3,channel3,,30.9251999999994,,
C,V3,channel1,,30.9324999999994,,
C,V3,channel3,,30.9397999999994,,
C,V3,channel1,,30.9470999999994,,
C,V3,channel3,,30.9543999999994,,
C,V3,channel1,,30.9616999999994,,
C,V3,channel3,,30.9689999999994,,
C,V3,channel1,,30.9762999999994,,
C,V3,channel3,,30.9835999999994,,
C,V3,channel1,,30.9908999999994,,
C,V3,channel3,,30.9981999999994,,
C,V3,channel1,,31.0054999999994,,
C,V3,channel3,,31.0127999999994,,
C,V3,channel1,,31.0200999999994,,
C,V3,channel3,,31.0273999999994,,
C,V3,channel1,,31.0346999999994,,
C,V3,channel3,,31.0419999999994,,
C,V3,channel1,,31.0492999999994,,
C,V3,channel3,,31.0565999999994,,
C,V3,channel1,,31.0638999999994,,
C,V3,channel3,,31.0711999999994,,
C,V3,channel1,,31.0784999999994,,
C,V3,channel3,,31.0857999999994,,
C,V3,channel1,,31.0930999999994,,
C,V3,channel3,,31.1003999999994,,
C,V3,channel1,,31.1076999999994,,
C,V3,channel3,,31.1149999999994,,
C,V3,channel1,,31.1222999999994,,
C,V3,channel3,,31.1295999999994,,
C,V3,channel1,,31.1368999999994,,
C,V3,channel3,,31.1441999999994,,
C,V3,channel1,,31.1514999999994,,
C,V3,channel3,,31.1587999999993,,
C,V3,channel1,,31.1660999999993,,
C,V3,channel3,,31.1733999999993,,
C,V3,channel1,,31.1806999999993,,
C,V3,channel3,,31.1879999999993,,
C,V3,channel1,,31.1952999999993,,
C,V3,channel3,,31.2025999999993,,
C,V3,channel1,,31.2098999999993,,
C,V3,channel3,,31.2171999999993,,
C,V3,channel1,,31.2244999999993,,
C,V3,channel3,,31.2317999999993,,
C,V3,channel1,,31.2390999999993,,
C,V3,channel3,,31.2463999999993,,
C,V3,channel1,,31.2536999999993,,
C,V3,channel3,,31.2609999999993,,
C,V3,channel1,,31.2682999999993,,
C,V3,channel3,,31.2755999999993,,
C,V3,channel1,,31.2828999999993,,
C,V3,channel3,,31.2901999999993,,
C,V3,channel1,,31.2974999999993,,
C,V3,channel3,,31.3047999999993,,
C,V3,channel1,,31.3120999999993,,
C,V3,channel3,,31.3193999999993,,
C,V3,channel1,,31.3266999999993,,
C,V3,channel3,,31.3339999999993,,
C,V3,channel1,,31.3412999999993,,
C,V3,channel3,,31.3485999999993,,
C,V3,channel1,,31.3558999999993,,
C,V3,channel3,,31.3631999999993,,
C,V3,channel1,,31.3704999999993,,
C,V3,channel3,,31.3777999999993,,
C,V3,channel1,,31.3850999999993,,
C,V3,channel3,,31.3923999999993,,
C,V3,channel1,,31.3996999999992,,
C,V3,channel3,,31.4069999999993,,
C,V3,channel1,,31.4142999999993,,
C,V3,channel3,,31.4215999999992,,
C,V3,channel1,,31.4288999999992,,
C,V3,channel3,,31.4361999999992,,
C,V3,channel1,,31.4434999999992,,
C,V3,channel3,,31.4507999999992,,
C,V3,channel1,,31.4580999999992,,
C,V3,channel3,,31.4653999999992,,
C,V3,channel1,,31.4726999999992,,
C,V3,channel3,,31.4799999999992,,
C,V3,channel1,,31.4872999999992,,
C,V3,channel3,,31.4945999999992,,
C,V3,channel1,,31.5018999999992,,
C,V3,channel3,,31.5091999999992,,
C,V3,channel1,,31.5164999999992,,
C,V3,channel3,,31.5237999999992,,
C,V3,channel1,,31.5310999999992,,
C,V3,channel3,,31.5383999999992,,
C,V3,channel1,,31.5456999999992,,
C,V3,channel3,,31.5529999999992,,
C,V3,channel1,,31.5602999999992,,
C,V3,channel3,,31.5675999999992,,
C,V3,channel1,,31.5748999999992,,
C,V3,channel3,,31.5821999999992,,
C,V3,channel1,,31.5894999999992,,
C,V3,channel3,,31.5967999999992,,
C,V3,channel1,,31.6040999999992,,
C,V3,channel3,,31.6113999999992,,
C,V3,channel1,,31.6186999999992,,
C,V3,channel3,,31.6259999999992,,
C,V3,channel1,,31.6332999999992,,
C,V3,channel3,,31.6405999999992,,
C,V3,channel1,,31.6478999999992,,
C,V3,channel3,,31.6551999999992,,
C,V3,channel1,,31.6624999999992,,
C,V3,channel3,,31.6697999999991,,
C,V3,channel1,,31.6770999999992,,
C,V3,channel3,,31.6843999999991,,
C,V3,channel1,,31.6916999999991,,
C,V3,channel3,,31.6989999999991,,
C,V3,channel1,,31.7062999999991,,
C,V3,channel3,,31.7135999999991,,
C,V3,channel1,,31.7208999999991,,
C,V3,channel3,,31.7281999999991,,
C,V3,channel1,,31.7354999999991,,
C,V3,channel3,,31.7427999999991,,
C,V3,channel1,,31.7500999999991,,
C,V3,channel3,,31.7573999999991,,
C,V3,channel1,,31.7646999999991,,
C,V3,channel3,,31.7719999999991,,
C,V3,channel1,,31.7792999999991,,
C,V3,channel3,,31.7865999999991,,
C,V3,channel1,,31.7938999999991,,
C,V3,channel3,,31.8011999999991,,
C,V3,channel1,,31.8084999999991,,
C,V3,channel3,,31.8157999999991,,
C,V3,channel1,,31.8230999999991,,
C,V3,channel3,,31.8303999999991,,
C,V3,channel1,,31.8376999999991,,
C,V3,channel3,,31.8449999999991,,
C,V3,channel1,,31.8522999999991,,
C,V3,channel3,,31.8595999999991,,
C,V3,channel1,,31.8668999999991,,
C,V3,channel3,,31.8741999999991,,
C,V3,channel1,,31.8814999999991,,
C,V3,channel3,,31.8887999999991,,
C,V3,channel1,,31.8960999999991,,
C,V3,channel3,,31.9033999999991,,
C,V3,channel1,,31.9106999999991,,
C,V3,channel3,,31.9179999999991,,
C,V3,channel1,,31.9252999999991,,
C,V3,channel3,,31.9325999999991,,
C,V3,channel1,,31.939899999999,,
C,V3,channel3,,31.947199999999,,
C,V3,channel1,,31.954499999999,,
C,V3,channel3,,31.961799999999,,
C,V3,channel1,,31.969099999999,,
C,V3,channel3,,31.976399999999,,
C,V3,channel1,,31.983699999999,,
C,V3,channel3,,31.990999999999,,
C,V3,channel1,,31.998299999999,,
C,V3,channel3,,32.005599999999,,
C,V3,channel1,,32.012899999999,,
C,V3,channel3,,32.020199999999,,
C,V3,channel1,,32.027499999999,,
C,V3,channel3,,32.034799999999,,
C,V3,channel1,,32.042099999999,,
C,V3,channel3,,32.049399999999,,
C,V3,channel1,,32.056699999999,,
C,V3,channel3,,32.063999999999,,
C,V3,channel1,,32.071299999999,,
C,V3,channel3,,32.078599999999,,
C,V3,channel1,,32.085899999999,,
C,V3,channel3,,32.093199999999,,
C,V3,channel1,,32.100499999999,,
C,V3,channel3,,32.107799999999,,
C,V3,channel1,,32.115099999999,,
C,V3,channel3,,32.122399999999,,
C,V3,channel1,,32.129699999999,,
C,V3,channel3,,32.136999999999,,
C,V3,channel1,,32.144299999999,,
C,V3,channel3,,32.151599999999,,
C,V3,channel1,,32.158899999999,,
C,V3,channel3,,32.166199999999,,
C,V3,channel1,,32.173499999999,,
C,V3,channel3,,32.180799999999,,
C,V3,channel1,,32.188099999999,,
C,V3,channel3,,32.195399999999,,
C,V3,channel1,,32.2026999999989,,
C,V3,channel3,,32.2099999999989,,
C,V3,channel1,,32.2172999999989,,
C,V3,channel3,,32.2245999999989,,
C,V3,channel1,,32.2318999999989,,
C,V3,channel3,,32.2391999999989,,
C,V3,channel1,,32.2464999999989,,
C,V3,channel3,,32.2537999999989,,
C,V3,channel1,,32.2610999999989,,
C,V3,channel3,,32.2683999999989,,
C,V3,channel1,,32.2756999999989,,
C,V3,channel3,,32.2829999999989,,
C,V3,channel1,,32.2902999999989,,
C,V3,channel3,,32.2975999999989,,
C,V3,channel1,,32.3048999999989,,
C,V3,channel3,,32.3121999999989,,
C,V3,channel1,,32.3194999999989,,
C,V3,channel3,,32.3267999999989,,
C,V3,channel1,,32.3340999999989,,
C,V3,channel3,,32.3413999999989,,
C,V3,channel1,,32.3486999999989,,
C,V3,channel3,,32.3559999999989,,
C,V3,channel1,,32.3632999999989,,
C,V3,channel3,,32.3705999999989,,
C,V3,channel1,,32.3778999999989,,
C,V3,channel3,,32.3851999999989,,
C,V3,channel1,,32.3924999999989,,
C,V3,channel3,,32.3997999999989,,
C,V3,channel1,,32.4070999999989,,
C,V3,channel3,,32.4143999999989,,
C,V3,channel1,,32.4216999999989,,
C,V3,channel3,,32.4289999999989,,
C,V3,channel1,,32.4362999999989,,
C,V3,channel3,,32.4435999999989,,
C,V3,channel1,,32.4508999999989,,
C,V3,channel3,,32.4581999999989,,
C,V3,channel1,,32.4654999999988,,
C,V3,channel3,,32.4727999999988,,
C,V3,channel1,,32.4800999999988,,
C,V3,channel3,,32.4873999999988,,
C,V3,channel1,,32.4946999999988,,
C,V3,channel3,,32.5019999999988,,
C,V3,channel1,,32.5092999999988,,
C,V3,channel3,,32.5165999999988,,
C,V3,channel1,,32.5238999999988,,
C,V3,channel3,,32.5311999999988,,
C,V3,channel1,,32.5384999999988,,
C,V3,channel3,,32.5457999999988,,
C,V3,channel1,,32.5530999999988,,
C,V3,channel3,,32.5603999999988,,
C,V3,channel1,,32.5676999999988,,
C,V3,channel3,,32.5749999999988,,
C,V3,channel1,,32.5822999999988,,
C,V3,channel3,,32.5895999999988,,
C,V3,channel1,,32.5968999999988,,
C,V3,channel3,,32.6041999999988,,
C,V3,channel1,,32.6114999999988,,
C,V3,channel3,,32.6187999999988,,
C,V3,channel1,,32.6260999999988,,
C,V3,channel3,,32.6333999999988,,
C,V3,channel1,,32.6406999999988,,
C,V3,channel3,,32.6479999999988,,
C,V3,channel1,,32.6552999999988,,
C,V3,channel3,,32.6625999999988,,
C,V3,channel1,,32.6698999999988,,
C,V3,channel3,,32.6771999999988,,
C,V3,channel1,,32.6844999999988,,
C,V3,channel3,,32.6917999999988,,
C,V3,channel1,,32.6990999999988,,
C,V3,channel3,,32.7063999999988,,
C,V3,channel1,,32.7136999999988,,
C,V3,channel3,,32.7209999999987,,
C,V3,channel1,,32.7282999999987,,
C,V3,channel3,,32.7355999999987,,
C,V3,channel1,,32.7428999999987,,
C,V3,channel3,,32.7501999999987,,
C,V3,channel1,,32.7574999999987,,
C,V3,channel3,,32.7647999999987,,
C,V3,channel1,,32.7720999999987,,
C,V3,channel3,,32.7793999999987,,
C,V3,channel1,,32.7866999999987,,
C,V3,channel3,,32.7939999999987,,
C,V3,channel1,,32.8012999999987,,
C,V3,channel3,,32.8085999999987,,
C,V3,channel1,,32.8158999999987,,
C,V3,channel3,,32.8231999999987,,
C,V3,channel1,,32.8304999999987,,
C,V3,channel3,,32.8377999999987,,
C,V3,channel1,,32.8450999999987,,
C,V3,channel3,,32.8523999999987,,
C,V3,channel1,,32.8596999999987,,
C,V3,channel3,,32.8669999999987,,
C,V3,channel1,,32.8742999999987,,
C,V3,channel3,,32.8815999999987,,
C,V3,channel1,,32.8888999999987,,
C,V3,channel3,,32.8961999999987,,
C,V3,channel1,,32.9034999999987,,
C,V3,channel3,,32.9107999999987,,
C,V3,channel1,,32.9180999999987,,
C,V3,channel3,,32.9253999999987,,
C,V3,channel1,,32.9326999999987,,
C,V3,channel3,,32.9399999999987,,
C,V3,channel1,,32.9472999999987,,
C,V3,channel3,,32.9545999999986,,
C,V3,channel1,,32.9618999999986,,
C,V3,channel3,,32.9691999999987,,
C,V3,channel1,,32.9764999999987,,
C,V3,channel3,,32.9837999999986,,
C,V3,channel1,,32.9910999999986,,
C,V3,channel3,,32.9983999999986,,
C,V3,channel1,,33.0056999999986,,
C,V3,channel3,,33.0129999999986,,
C,V3,channel1,,33.0202999999986,,
C,V3,channel3,,33.0275999999986,,
C,V3,channel1,,33.0348999999986,,
C,V3,channel3,,33.0421999999986,,
C,V3,channel1,,33.0494999999986,,
C,V3,channel3,,33.0567999999986,,
C,V3,channel1,,33.0640999999986,,
C,V3,channel3,,33.0713999999986,,
C,V3,channel1,,33.0786999999986,,
C,V3,channel3,,33.0859999999986,,
C,V3,channel1,,33.0932999999986,,
C,V3,channel3,,33.1005999999986,,
C,V3,channel1,,33.1078999999986,,
C,V3,channel3,,33.1151999999986,,
C,V3,channel1,,33.1224999999986,,
C,V3,channel3,,33.1297999999986,,
C,V3,channel1,,33.1370999999986,,
C,V3,channel3,,33.1443999999986,,
C,V3,channel1,,33.1516999999986,,
C,V3,channel3,,33.1589999999986,,
C,V3,channel1,,33.1662999999986,,
C,V3,channel3,,33.1735999999986,,
C,V3,channel1,,33.1808999999986,,
C,V3,channel3,,33.1881999999986,,
C,V3,channel1,,33.1954999999986,,
C,V3,channel3,,33.2027999999986,,
C,V3,channel1,,33.2100999999986,,
C,V3,channel3,,33.2173999999985,,
C,V3,channel1,,33.2246999999985,,
C,V3,channel3,,33.2319999999985,,
C,V3,channel1,,33.2392999999986,,
C,V3,channel3,,33.2465999999985,,
C,V3,channel1,,33.2538999999985,,
C,V3,channel3,,33.2611999999985,,
C,V3,channel1,,33.2684999999985,,
C,V3,channel3,,33.2757999999985,,
C,V3,channel1,,33.2830999999985,,
C,V3,channel3,,33.2903999999985,,
C,V3,channel1,,33.2976999999985,,
C,V3,channel3,,33.3049999999985,,
C,V3,channel1,,33.3122999999985,,
C,V3,channel3,,33.3195999999985,,
C,V3,channel1,,33.3268999999985,,
C,V3,channel3,,33.3341999999985,,
C,V3,channel1,,33.3414999999985,,
C,V3,channel3,,33.3487999999985,,
C,V3,channel1,,33.3560999999985,,
C,V3,channel3,,33.3633999999985,,
C,V3,channel1,,33.3706999999985,,
C,V3,channel3,,33.3779999999985,,
C,V3,channel1,,33.3852999999985,,
C,V3,channel3,,33.3925999999985,,
C,V3,channel1,,33.3998999999985,,
C,V3,channel3,,33.4071999999985,,
C,V3,channel1,,33.4144999999985,,
C,V3,channel3,,33.4217999999985,,
C,V3,channel1,,33.4290999999985,,
C,V3,channel3,,33.4363999999985,,
C,V3,channel1,,33.4436999999985,,
C,V3,channel3,,33.4509999999985,,
C,V3,channel1,,33.4582999999985,,
C,V3,channel3,,33.4655999999985,,
C,V3,channel1,,33.4728999999985,,
C,V3,channel3,,33.4801999999985,,
C,V3,channel1,,33.4874999999984,,
C,V3,channel3,,33.4947999999984,,
C,V3,channel1,,33.5020999999984,,
C,V3,channel3,,33.5093999999984,,
C,V3,channel1,,33.5166999999984,,
C,V3,channel3,,33.5239999999984,,
C,V3,channel1,,33.5312999999984,,
C,V3,channel3,,33.5385999999984,,
C,V3,channel1,,33.5458999999984,,
C,V3,channel3,,33.5531999999984,,
C,V3,channel1,,33.5604999999984,,
C,V3,channel3,,33.5677999999984,,
C,V3,channel1,,33.5750999999984,,
C,V3,channel3,,33.5823999999984,,
C,V3,channel1,,33.5896999999984,,
C,V3,channel3,,33.5969999999984,,
C,V3,channel1,,33.6042999999984,,
C,V3,channel3,,33.6115999999984,,
C,V3,channel1,,33.6188999999984,,
C,V3,channel3,,33.6261999999984,,
C,V3,channel1,,33.6334999999984,,
C,V3,channel3,,33.6407999999984,,
C,V3,channel1,,33.6480999999984,,
C,V3,channel3,,33.6553999999984,,
C,V3,channel1,,33.6626999999984,,
C,V3,channel3,,33.6699999999984,,
C,V3,channel1,,33.6772999999984,,
C,V3,channel3,,33.6845999999984,,
C,V3,channel1,,33.6918999999984,,
C,V3,channel3,,33.6991999999984,,
C,V3,channel1,,33.7064999999984,,
C,V3,channel3,,33.7137999999984,,
C,V3,channel1,,33.7210999999984,,
C,V3,channel3,,33.7283999999984,,
C,V3,channel1,,33.7356999999984,,
C,V3,channel3,,33.7429999999984,,
C,V3,channel1,,33.7502999999984,,
C,V3,channel3,,33.7575999999983,,
C,V3,channel1,,33.7648999999983,,
C,V3,channel3,,33.7721999999983,,
C,V3,channel1,,33.7794999999983,,
C,V3,channel3,,33.7867999999983,,
C,V3,channel1,,33.7940999999983,,
C,V3,channel3,,33.8013999999983,,
C,V3,channel1,,33.8086999999983,,
C,V3,channel3,,33.8159999999983,,
C,V3,channel1,,33.8232999999983,,
C,V3,channel3,,33.8305999999983,,
C,V3,channel1,,33.8378999999983,,
C,V3,channel3,,33.8451999999983,,
C,V3,channel1,,33.8524999999983,,
C,V3,channel3,,33.8597999999983,,
C,V3,channel1,,33.8670999999983,,
C,V3,channel3,,33.8743999999983,,
C,V3,channel1,,33.8816999999983,,
C,V3,channel3,,33.8889999999983,,
C,V3,channel1,,33.8962999999983,,
C,V3,channel3,,33.9035999999983,,
C,V3,channel1,,33.9108999999983,,
C,V3,channel3,,33.9181999999983,,
C,V3,channel1,,33.9254999999983,,
C,V3,channel3,,33.9327999999983,,
C,V3,channel1,,33.9400999999983,,
C,V3,channel3,,33.9473999999983,,
C,V3,channel1,,33.9546999999983,,
C,V3,channel3,,33.9619999999983,,
C,V3,channel1,,33.9692999999983,,
C,V3,channel3,,33.9765999999983,,
C,V3,channel1,,33.9838999999983,,
C,V3,channel3,,33.9911999999983,,
C,V3,channel1,,33.9984999999983,,
C,V3,channel3,,34.0057999999983,,
C,V3,channel1,,34.0130999999983,,
C,V3,channel3,,34.0203999999983,,
C,V3,channel1,,34.0276999999982,,
C,V3,channel3,,34.0349999999982,,
C,V3,channel1,,34.0422999999982,,
C,V3,channel3,,34.0495999999982,,
C,V3,channel1,,34.0568999999982,,
C,V3,channel3,,34.0641999999982,,
C,V3,channel1,,34.0714999999982,,
C,V3,channel3,,34.0787999999982,,
C,V3,channel1,,34.0860999999982,,
C,V3,channel3,,34.0933999999982,,
C,V3,channel1,,34.1006999999982,,
C,V3,channel3,,34.1079999999982,,
C,V3,channel1,,34.1152999999982,,
C,V3,channel3,,34.1225999999982,,
C,V3,channel1,,34.1298999999982,,
C,V3,channel3,,34.1371999999982,,
C,V3,channel1,,34.1444999999982,,
C,V3,channel3,,34.1517999999982,,
C,V3,channel1,,34.1590999999982,,
C,V3,channel3,,34.1663999999982,,
C,V3,channel1,,34.1736999999982,,
C,V3,channel3,,34.1809999999982,,
C,V3,channel1,,34.1882999999982,,
C,V3,channel3,,34.1955999999982,,
C,V3,channel1,,34.2028999999982,,
C,V3,channel3,,34.2101999999982,,
C,V3,channel1,,34.2174999999982,,
C,V3,channel3,,34.2247999999982,,
C,V3,channel1,,34.2320999999982,,
C,V3,channel3,,34.2393999999982,,
C,V3,channel1,,34.2466999999982,,
C,V3,channel3,,34.2539999999982,,
C,V3,channel1,,34.2612999999982,,
C,V3,channel3,,34.2685999999982,,
C,V3,channel1,,34.2758999999982,,
C,V3,channel3,,34.2831999999981,,
C,V3,channel1,,34.2904999999981,,
C,V3,channel3,,34.2977999999981,,
C,V3,channel1,,34.3050999999981,,
C,V3,channel3,,34.3123999999981,,
C,V3,channel1,,34.3196999999981,,
C,V3,channel3,,34.3269999999981,,
C,V3,channel1,,34.3342999999981,,
C,V3,channel3,,34.3415999999981,,
C,V3,channel1,,34.3488999999981,,
C,V3,channel3,,34.3561999999981,,
C,V3,channel1,,34.3634999999981,,
C,V3,channel3,,34.3707999999981,,
C,V3,channel1,,34.3780999999981,,
C,V3,channel3,,34.3853999999981,,
C,V3,channel1,,34.3926999999981,,
C,V3,channel3,,34.3999999999981,,
C,V3,channel1,,34.4072999999981,,
C,V3,channel3,,34.4145999999981,,
C,V3,channel1,,34.4218999999981,,
C,V3,channel3,,34.4291999999981,,
C,V3,channel1,,34.4364999999981,,
C,V3,channel3,,34.4437999999981,,
C,V3,channel1,,34.4510999999981,,
C,V3,channel3,,34.4583999999981,,
C,V3,channel1,,34.4656999999981,,
C,V3,channel3,,34.4729999999981,,
C,V3,channel1,,34.4802999999981,,
C,V3,channel3,,34.4875999999981,,
C,V3,channel1,,34.4948999999981,,
C,V3,channel3,,34.5021999999981,,
C,V3,channel1,,34.5094999999981,,
C,V3,channel3,,34.5167999999981,,
C,V3,channel1,,34.5240999999981,,
C,V3,channel3,,34.5313999999981,,
C,V3,channel1,,34.5386999999981,,
C,V3,channel3,,34.545999999998,,
C,V3,channel1,,34.553299999998,,
C,V3,channel3,,34.560599999998,,
C,V3,channel1,,34.567899999998,,
C,V3,channel3,,34.575199999998,,
C,V3,channel1,,34.582499999998,,
C,V3,channel3,,34.589799999998,,
C,V3,channel1,,34.597099999998,,
C,V3,channel3,,34.604399999998,,
C,V3,channel1,,34.611699999998,,
C,V3,channel3,,34.618999999998,,
C,V3,channel1,,34.626299999998,,
C,V3,channel3,,34.633599999998,,
C,V3,channel1,,34.640899999998,,
C,V3,channel3,,34.648199999998,,
C,V3,channel1,,34.655499999998,,
C,V3,channel3,,34.662799999998,,
C,V3,channel1,,34.670099999998,,
C,V3,channel3,,34.677399999998,,
C,V3,channel1,,34.684699999998,,
C,V3,channel3,,34.691999999998,,
C,V3,channel1,,34.699299999998,,
C,V3,channel3,,34.706599999998,,
C,V3,channel1,,34.713899999998,,
C,V3,channel3,,34.721199999998,,
C,V3,channel1,,34.728499999998,,
C,V3,channel3,,34.735799999998,,
C,V3,channel1,,34.743099999998,,
C,V3,channel3,,34.750399999998,,
C,V3,channel1,,34.757699999998,,
C,V3,channel3,,34.764999999998,,
C,V3,channel1,,34.772299999998,,
C,V3,channel3,,34.7795999999979,,
C,V3,channel1,,34.7868999999979,,
C,V3,channel3,,34.794199999998,,
C,V3,channel1,,34.801499999998,,
C,V3,channel3,,34.8087999999979,,
C,V3,channel1,,34.8160999999979,,
C,V3,channel3,,34.8233999999979,,
C,V3,channel1,,34.8306999999979,,
C,V3,channel3,,34.8379999999979,,
C,V3,channel1,,34.8452999999979,,
C,V3,channel3,,34.8525999999979,,
C,V3,channel1,,34.8598999999979,,
C,V3,channel3,,34.8671999999979,,
C,V3,channel1,,34.8744999999979,,
C,V3,channel3,,34.8817999999979,,
C,V3,channel1,,34.8890999999979,,
C,V3,channel3,,34.8963999999979,,
C,V3,channel1,,34.9036999999979,,
C,V3,channel3,,34.9109999999979,,
C,V3,channel1,,34.9182999999979,,
C,V3,channel3,,34.9255999999979,,
C,V3,channel1,,34.9328999999979,,
C,V3,channel3,,34.9401999999979,,
C,V3,channel1,,34.9474999999979,,
C,V3,channel3,,34.9547999999979,,
C,V3,channel1,,34.9620999999979,,
C,V3,channel3,,34.9693999999979,,
C,V3,channel1,,34.9766999999979,,
C,V3,channel3,,34.9839999999979,,
C,V3,channel1,,34.9912999999979,,
C,V3,channel3,,34.9985999999979,,
C,V3,channel1,,35.0058999999979,,
C,V3,channel3,,35.0131999999979,,
C,V3,channel1,,35.0204999999979,,
C,V3,channel3,,35.0277999999979,,
C,V3,channel1,,35.0350999999979,,
C,V3,channel3,,35.0423999999979,,
C,V3,channel1,,35.0496999999978,,
C,V3,channel3,,35.0569999999978,,
C,V3,channel1,,35.0642999999978,,
C,V3,channel3,,35.0715999999978,,
C,V3,channel1,,35.0788999999978,,
C,V3,channel3,,35.0861999999978,,
C,V3,channel1,,35.0934999999978,,
C,V3,channel3,,35.1007999999978,,
C,V3,channel1,,35.1080999999978,,
C,V3,channel3,,35.1153999999978,,
C,V3,channel1,,35.1226999999978,,
C,V3,channel3,,35.1299999999978,,
C,V3,channel1,,35.1372999999978,,
C,V3,channel3,,35.1445999999978,,
C,V3,channel1,,35.1518999999978,,
C,V3,channel3,,35.1591999999978,,
C,V3,channel1,,35.1664999999978,,
C,V3,channel3,,35.1737999999978,,
C,V3,channel1,,35.1810999999978,,
C,V3,channel3,,35.1883999999978,,
C,V3,channel1,,35.1956999999978,,
C,V3,channel3,,35.2029999999978,,
C,V3,channel1,,35.2102999999978,,
C,V3,channel3,,35.2175999999978,,
C,V3,channel1,,35.2248999999978,,
C,V3,channel3,,35.2321999999978,,
C,V3,channel1,,35.2394999999978,,
C,V3,channel3,,35.2467999999978,,
C,V3,channel1,,35.2540999999978,,
C,V3,channel3,,35.2613999999978,,
C,V3,channel1,,35.2686999999978,,
C,V3,channel3,,35.2759999999978,,
C,V3,channel1,,35.2832999999978,,
C,V3,channel3,,35.2905999999978,,
C,V3,channel1,,35.2978999999978,,
C,V3,channel3,,35.3051999999978,,
C,V3,channel1,,35.3124999999978,,
C,V3,channel3,,35.3197999999978,,
C,V3,channel1,,35.3270999999977,,
C,V3,channel3,,35.3343999999977,,
C,V3,channel1,,35.3416999999977,,
C,V3,channel3,,35.3489999999977,,
C,V3,channel1,,35.3562999999977,,
C,V3,channel3,,35.3635999999977,,
C,V3,channel1,,35.3708999999977,,
C,V3,channel3,,35.3781999999977,,
C,V3,channel1,,35.3854999999977,,
C,V3,channel3,,35.3927999999977,,
C,V3,channel1,,35.4000999999977,,
C,V3,channel3,,35.4073999999977,,
C,V3,channel1,,35.4146999999977,,
C,V3,channel3,,35.4219999999977,,
C,V3,channel1,,35.4292999999977,,
C,V3,channel3,,35.4365999999977,,
C,V3,channel1,,35.4438999999977,,
C,V3,channel3,,35.4511999999977,,
C,V3,channel1,,35.4584999999977,,
C,V3,channel3,,35.4657999999977,,
C,V3,channel1,,35.4730999999977,,
C,V3,channel3,,35.4803999999977,,
C,V3,channel1,,35.4876999999977,,
C,V3,channel3,,35.4949999999977,,
C,V3,channel1,,35.5022999999977,,
C,V3,channel3,,35.5095999999977,,
C,V3,channel1,,35.5168999999977,,
C,V3,channel3,,35.5241999999977,,
C,V3,channel1,,35.5314999999977,,
C,V3,channel3,,35.5387999999977,,
C,V3,channel1,,35.5460999999977,,
C,V3,channel3,,35.5533999999977,,
C,V3,channel1,,35.5606999999977,,
C,V3,channel3,,35.5679999999977,,
C,V3,channel1,,35.5752999999977,,
C,V3,channel3,,35.5825999999977,,
C,V3,channel1,,35.5898999999976,,
C,V3,channel3,,35.5971999999976,,
C,V3,channel1,,35.6044999999976,,
C,V3,channel3,,35.6117999999976,,
C,V3,channel1,,35.6190999999976,,
C,V3,channel3,,35.6263999999976,,
C,V3,channel1,,35.6336999999976,,
C,V3,channel3,,35.6409999999976,,
C,V3,channel1,,35.6482999999976,,
C,V3,channel3,,35.6555999999976,,
C,V3,channel1,,35.6628999999976,,
C,V3,channel3,,35.6701999999976,,
C,V3,channel1,,35.6774999999976,,
C,V3,channel3,,35.6847999999976,,
C,V3,channel1,,35.6920999999976,,
C,V3,channel3,,35.6993999999976,,
C,V3,channel1,,35.7066999999976,,
C,V3,channel3,,100.0,,
